<?xml version="1.0" encoding="UTF-8"?>
<Configuration status="info">
	<Properties>
		<Property name="LOG_EXCEPTION_CONVERSION_WORD">%xwEx</Property>
		<Property name="LOG_LEVEL_PATTERN">%5p</Property>
		<Property name="LOG_DATEFORMAT_PATTERN">yyyy-MM-dd HH:mm:ss.SSS</Property>
		<Property name="CONSOLE_LOG_PATTERN">[%X{MDC_REQUEST_ID}] %clr{%d{${LOG_DATEFORMAT_PATTERN}}}{faint} %clr{${LOG_LEVEL_PATTERN}} %clr{%pid}{magenta} %clr{---}{faint} %clr{[%15.15t]}{faint} %clr{%-40.40c{1.}}{cyan} %clr{:}{faint} %m%n${sys:LOG_EXCEPTION_CONVERSION_WORD}</Property>
		<Property name="FILE_LOG_PATTERN">%d{${LOG_DATEFORMAT_PATTERN}} ${LOG_LEVEL_PATTERN} %pid --- [%t] %-40.40c{1.} : %m%n${sys:LOG_EXCEPTION_CONVERSION_WORD}</Property>
		<Property name="LOG_PATH">./logs</Property>
		<Property name="LOG_FILE">application.log</Property>
	</Properties>
	<Appenders>
		<Console name="Console" target="SYSTEM_OUT" follow="true">
			<PatternLayout pattern="${sys:CONSOLE_LOG_PATTERN}" />
		</Console>
		<RollingFile name="File" fileName="${sys:LOG_PATH}/${sys:LOG_FILE}" filePattern="${sys:LOG_PATH}/$${date:yyyy-MM}/app-%d{yyyy-MM-dd-HH}-%i.log.gz">
			<PatternLayout>
				<Pattern>${sys:FILE_LOG_PATTERN}</Pattern>
			</PatternLayout>
			<Policies>
				<OnStartupTriggeringPolicy />
				<SizeBasedTriggeringPolicy
						size="10 MB" />
				<TimeBasedTriggeringPolicy />
			</Policies>
		</RollingFile>
		<RollingFile name="LogstashFile" fileName="${sys:LOG_PATH}/logstash.log" filePattern="${sys:LOG_PATH}/$${date:yyyy-MM}/lsh-%d{yyyy-MM-dd-HH}-%i.log.gz">
			<LogstashLayout dateTimeFormatPattern="yyyy-MM-dd'T'HH:mm:ss.SSSZZZ"
							eventTemplateUri="classpath:LogstashJsonEventLayoutV1.json"
							prettyPrintEnabled="false"
							stackTraceEnabled="false">
				<EventTemplateAdditionalFields>
					<KeyValuePair key="application" value="log4j2demo"/>
				</EventTemplateAdditionalFields>
			</LogstashLayout>
			<Policies>
				<SizeBasedTriggeringPolicy size="10 MB" />
			</Policies>
		</RollingFile>
	</Appenders>
	<Loggers>
		<Logger name="org.apache.catalina.startup.DigesterFactory" level="error" />
		<Logger name="org.apache.catalina.util.LifecycleBase" level="error" />
		<Logger name="org.apache.coyote.http11.Http11NioProtocol" level="warn" />
		<logger name="org.apache.sshd.common.util.SecurityUtils" level="warn"/>
		<Logger name="org.apache.tomcat.util.net.NioSelectorPool" level="warn" />
		<Logger name="org.eclipse.jetty.util.component.AbstractLifeCycle" level="error" />
		<Logger name="org.hibernate.validator.internal.util.Version" level="warn" />
		<logger name="org.springframework.boot.actuate.endpoint.jmx" level="warn"/>
		<Root level="info">
			<AppenderRef ref="Console" />
			<AppenderRef ref="File" />
			<AppenderRef ref="LogstashFile" />
		</Root>
	</Loggers>
</Configuration>